{
  "Profiles": [
    {
      "Name": "Nushell Dark",
      "Guid": "nushell-dark-profile",
      "Default Bookmark": "Yes",
      "Working Directory": "~",
      "Command": "/opt/homebrew/bin/nu",
      "Custom Command": "Yes",
      "Terminal Type": "xterm-256color",
      "Normal Font": "HurmitNFM-Regular 11",
      "Non Ascii Font": "HurmitNFM-Regular 11",
      "Window Type": 0,
      "Transparency": 0.15,
      "Background Color": {
        "Red Component": 0.039215686274509803,
        "Green Component": 0.054901960784313725,
        "Blue Component": 0.07843137254901961
      },
      "Foreground Color": {
        "Red Component": 0.7019607843137254,
        "Green Component": 0.6941176470588235,
        "Blue Component": 0.6784313725490196
      },
      "Ansi 0 Color": {
        "Red Component": 0.00392156862745098,
        "Green Component": 0.023529411764705882,
        "Blue Component": 0.054901960784313725
      },
      "Ansi 1 Color": {
        "Red Component": 0.9176470588235294,
        "Green Component": 0.4235294117647059,
        "Blue Component": 0.45098039215686275
      },
      "Ansi 2 Color": {
        "Red Component": 0.5686274509803921,
        "Green Component": 0.7019607843137254,
        "Blue Component": 0.3843137254901961
      },
      "Ansi 3 Color": {
        "Red Component": 0.9764705882352941,
        "Green Component": 0.6862745098039216,
        "Blue Component": 0.30980392156862746
      },
      "Ansi 4 Color": {
        "Red Component": 0.3254901960784314,
        "Green Component": 0.7411764705882353,
        "Blue Component": 0.9803921568627451
      },
      "Ansi 5 Color": {
        "Red Component": 0.9803921568627451,
        "Green Component": 0.9137254901960784,
        "Blue Component": 0.5803921568627451
      },
      "Ansi 6 Color": {
        "Red Component": 0.5647058823529412,
        "Green Component": 0.8823529411764706,
        "Blue Component": 0.7764705882352941
      },
      "Ansi 7 Color": {
        "Red Component": 0.7803921568627451,
        "Green Component": 0.7803921568627451,
        "Blue Component": 0.7803921568627451
      },
      "Ansi 8 Color": {
        "Red Component": 0.40784313725490196,
        "Green Component": 0.40784313725490196,
        "Blue Component": 0.40784313725490196
      },
      "Ansi 9 Color": {
        "Red Component": 0.9411764705882353,
        "Green Component": 0.44313725490196076,
        "Blue Component": 0.47058823529411764
      },
      "Ansi 10 Color": {
        "Red Component": 0.7607843137254902,
        "Green Component": 0.8509803921568627,
        "Blue Component": 0.29803921568627451
      },
      "Ansi 11 Color": {
        "Red Component": 1.0,
        "Green Component": 0.7058823529411765,
        "Blue Component": 0.3294117647058823
      },
      "Ansi 12 Color": {
        "Red Component": 0.34901960784313724,
        "Green Component": 0.7607843137254902,
        "Blue Component": 1.0
      },
      "Ansi 13 Color": {
        "Red Component": 1.0,
        "Green Component": 0.9333333333333333,
        "Blue Component": 0.6
      },
      "Ansi 14 Color": {
        "Red Component": 0.5843137254901961,
        "Green Component": 0.9019607843137255,
        "Blue Component": 0.796078431372549
      },
      "Ansi 15 Color": {
        "Red Component": 1.0,
        "Green Component": 1.0,
        "Blue Component": 1.0
      },
      "Silence Bell": 1,
      "Keyboard Map": {
        "0x64-0x60000": {
          "Action": 28,
          "Text": ""
        },
        "0x64-0x1e0000": {
          "Action": 27,
          "Text": ""
        },
        "0xf702-0x60000": {
          "Action": 25,
          "Text": ""
        },
        "0xf703-0x60000": {
          "Action": 26,
          "Text": ""
        },
        "0xf701-0x60000": {
          "Action": 24,
          "Text": ""
        },
        "0xf700-0x60000": {
          "Action": 23,
          "Text": ""
        },
        "0xf702-0x1e0000": {
          "Action": 21,
          "Text": ""
        },
        "0xf703-0x1e0000": {
          "Action": 22,
          "Text": ""
        },
        "0xf701-0x1e0000": {
          "Action": 20,
          "Text": ""
        },
        "0xf700-0x1e0000": {
          "Action": 19,
          "Text": ""
        }
      }
    }
  ]
}